2022-10-28 10:54:54+00:00,b'@hyang_wisnu @kemkominfo @jokowi @PlateJohnny UU PDP akan memperkuat kepercayaan dan pengakuan terhadap kepemimpinan Indonesia dalam tata kelola data global. Indonesia menjadi negara ke-5 di ASEAN yang punya payung hukum perlindungan data pribadi.\n@PlateJohnny @kemkominfo',Om Udien Official
2022-10-28 10:54:38+00:00,"b'Menurut Menkominfo, Johnny G. Plate, UU PDP juga hadir payung hukum terhadap perlindungan data pribadi yang komprehensif. \n@PlateJohnny @kemkominfo https://t.co/CKhAils7TL'",Om Udien Official
2022-10-28 10:43:47+00:00,"b'Perihal UU PDP yang telah disahkan pada 20 September 2022 dalam rapat paripurna DPR, Menurut Menkominfo, Johnny G. Plate, UU PDP juga hadir payung hukum terhadap perlindungan data pribadi yang komprehensif.\n@PlateJohnny @kemkominfo https://t.co/wp8ygmCgnS'",Ngalap Berkah Nitizen
2022-10-28 10:23:08+00:00,"b'@hyang_wisnu @kemkominfo @Aryprasetyo85 @PlateJohnny @miicies @zhymme @NgkongRoses @vita_AVP @farrel27 @delArdian_ Usai pengesahan UU Perlindungan Data Pribadi (PDP), Kementerian Kominfo menargetkan lembaga otoritas PDP segera terbentuk dalam waktu enam bulan.\n@PlateJohnny @kemkominfo'",Om Udien Official
2022-10-28 08:25:32+00:00,b'Kementerian Komunikasi dan Informatika @kemkominfo menargetkan lembaga otoritas Perlindungan Data Pribadi (PDP) segera terbentuk dalam waktu enam bulan.\n@jokowi @PlateJohnny\nhttps://t.co/P15V4xFgwY',Ary Prasetyo
2022-10-28 07:16:26+00:00,"b'KemKominfo menargetkan lembaga otoritas Perlindungan Data Pribadi  segera terbentuk dalam waktu enam bulan. Lembaga ini bisa di bawah presiden, tetapi bisa juga berupa lembaga yg kewenangannya diberikan ke kementerian/lembaga yg sudah ada. @Karolina_bee11\nhttps://t.co/zomGUKemzj'",Diana Aurora
2022-10-28 06:36:35+00:00,"b'Usai pengesahan UU Perlindungan Data Pribadi (PDP), Kementerian Kominfo menargetkan lembaga otoritas PDP segera terbentuk dalam waktu enam bulan.\n@PlateJohnny @kemkominfo https://t.co/zuy5DR9LPs'",Ngalap Berkah Nitizen
2022-10-28 06:23:57+00:00,"b'Rincian kedua, memastikan kepatuhan thdp UU PDP dan kebijakan pengendali data pribadi atau prosesor data pribadi.\xc2\xa0Ketiga, PPDP memberikan saran mengenai dampak perlindungan data pribadi dan mengendalikan data pribadi.\n@kemkominfo\n@PlateJohnny\nhttps://t.co/AW2Ia7xzxu'",Barak Ardian
2022-10-28 06:17:59+00:00,"b'Dirjen Aplikasi Informatika Kementerian Komunikasi dan Informatika  Semuel Abrijani Pangerapan mengatakan, diterbitkannya Undang-Undang Perlindungan Data Pribadi atau UU PDP mampu menciptakan banyak profesi baru.\n@PlateJohnny \n@kemkominfo \nhttps://t.co/rs6EhJg3jN'",Babe
2022-10-28 04:26:37+00:00,"b'@hyang_wisnu @kemkominfo @jokowi @PlateJohnny Semuel Abrijani Pangerapan mengatakan, diterbitkannya Undang-Undang Perlindungan Data Pribadi atau UU PDP mampu menciptakan banyak profesi baru.\n@PlateJohnny @kemkominfo'",Udien Marbot Official
2022-10-28 03:37:05+00:00,b'Kadin Minta Pelaku Usaha Pahami UU Perlindungan Data Pribadi https://t.co/t3pPf2wBQK',Bisnis.com
2022-10-28 02:35:58+00:00,"b'Ada catatan terkait pembentukan lembaga pengawas PDP agar berjalan optimal. Pertama, lembaga yang akan dibentuk ini benar-benar lembaga independen dengan wewenang kuat. Kedua, SDM pada lembaga pengawas PDP diisi tenaga profesional dalam bidangnya. \nhttps://t.co/SNiaBiUaYa https://t.co/OHO5RPt5yy'",ELSAM Indonesia
2022-10-28 01:39:19+00:00,"b'Selain menciptakan peluang kerja, UU PDP akan memperkuat kepercayaan dan rekognisi terhadap kepemimpinan Indonesia dlm tata kelola data global. Indonesia menjadi negara ke-5 di ASEAN yg pny payung hukum perlindungan data pribadi.\n@kemkominfo\n@PlateJohnny\nhttps://t.co/mA8pWiqxcN'",Nini Tulalit üá≤üá®üá≤üá®üá≤üá®
2022-10-28 00:56:42+00:00,b'UU PDP akan memperkuat kepercayaan dan rekognisi terhadap kepemimpinan Indonesia dalam tata kelola data global. Indonesia menjadi negara ke-5 di ASEAN yang punya payung hukum perlindungan data pribadi.\n@kemkominfo @jokowi @PlateJohnny\nhttps://t.co/HdUpCNSHT0',Spy Zone
2022-10-28 00:54:16+00:00,b'Dengan diterbitkannya Undang-Undang Perlindungan Data Pribadi atau UU PDP mampu menciptakan banyak profesi baru.\n\n@kemkominfo @jokowi @PlateJohnny\nhttps://t.co/EtarM3PW8c',Ary Prasetyo
2022-10-27 23:54:11+00:00,"b'Dirjen Aptika Kominfo: UU PDP Mampu Ciptakan Tenaga Kerja Baru\n\nSemuel Abrijani Pangerapan mengatakan, diterbitkannya Undang-Undang Perlindungan Data Pribadi atau UU PDP mampu menciptakan banyak profesi baru.\n@kemkominfo @jokowi @PlateJohnny https://t.co/ozmCHCuq1J'",Batara Wisnu
2022-10-27 15:40:15+00:00,b'@Atikaa_oth @irwan_dwi_a Yaa benar\xf0\x9f\x91\x8d perlindungan data pribadi itu sangat penting dilakukan untuk mencegah oknum atau pihak yang tidak  bertanggungjawab dan menghindari potensi pencemaran nama baik.',Nayla
2022-10-27 14:34:36+00:00,b'untuk mewujudkan ekonomi digital di Indonesia hanya bisa diperoleh apabila tiga hal (Legislasi primer undang-undang Perlindungan Data Pribadi (PDP) @kemkominfo @PlateJohnny https://t.co/oWZI9cHxzx',kalyndi
2022-10-27 13:43:01+00:00,"b'Dirjen Aplikasi Informatika Kementerian Komunikasi dan Informatika (Kominfo) Semuel Abrijani Pangerapan mengatakan, diterbitkannya Undang-Undang Perlindungan Data Pribadi atau UU PDP mampu menciptakan banyak profesi baru. @SydneyX5w @FaGtng @Aryprasetyo85\nhttps://t.co/vi9hI0E7js'",Diana Aurora
2022-10-27 13:17:07+00:00,b'IDPPS 2022: Bahas Tentang Privasi Dan Perlindungan Data Pribadi https://t.co/o0hzp1uZyS',itworks.id
2022-10-27 10:06:40+00:00,"b'@zarazettirazr skrg udh ada UU perlindungan data pribadi kan ya? Tp ttp aja yak kaga bisa kita bergantung sm itu doang, harus ttp usaha sendiri gmn caranya jaga data pribadi'",Lussy Khalila Wijaya
2022-10-27 10:03:21+00:00,b'Undang-undang Perlindungan Data Pribadi (UU PDP) setidaknya memuat empat pelanggaran yang bisa dikenakan sanksi pidana. https://t.co/7JL7JrRhUS',Koran Gala
2022-10-27 09:26:01+00:00,"b'@Atikaa_oth @irwan_dwi_a Yaa benar\xf0\x9f\x91\x8d perlindungan data pribadi dibutuhkan untuk dapat menghindari ancaman pelecehan seksual, perundungan online, hingga Kekerasan Berbasis Gender Online (KBGO).'",Nayla
2022-10-27 09:21:38+00:00,"b'UU Perlindungan Data Pribadi Atur 4 Pelanggaran Berujung Pidana, Salah Satunya Doxing https://t.co/YaEuT41tFM'",Merdeka.com
2022-10-27 09:14:02+00:00,b'Kominfo Tengah Kaji Rencana Pembentukan Lembaga Pengawas Perlindungan Data\xc2\xa0Pribadi https://t.co/IpOsnv76EK',Detik Sumsel Official
2022-10-27 08:05:25+00:00,b'Pemerintah telah mengesahkan Undang-Undang Pelindungan Data Pribadi (RUU PDP) yang mengatur berbagai aspek persyaratan pelindungan yang harus diterapkan.  \n\n#RUUpdp #Perlindungandatapribadi #lampungpostid\nhttps://t.co/r5stbeH8ZN',LampungPostId
2022-10-27 06:01:44+00:00,b'UU Perlindungan Data Pribadi (PDP) Masih Perlu Pembahasan Lebih Jelas  https://t.co/pBjCn3e5AC',Media Indonesia
2022-10-27 05:40:00+00:00,b'Beberapa Kelemahan UU Nomor 27/2022 tentang Perlindungan Data Pribadi\nhttps://t.co/84wblWXqXx',SINDOnews
2022-10-27 02:59:46+00:00,"b'Webinar DPN PERADI dan PT PPHBI \xe2\x80\x9cKupas Tuntas Perlindungan Data Pribadi Ditinjau dari UU PDP Terbaru\xe2\x80\x9d\n\nMore info:\n(021) 3917446, 315 2090/91\n085773355787 (Whatsapp)\ninfo@pphbi.com\n\n#peradi #webinar #pphbi #traininghukum\n#pelatihanhukum #shortcourses https://t.co/BGwSXkh5FD'",PPHBI Training Info
2022-10-27 02:04:10+00:00,"b'Pasal 12, Undang-Undang Nomor 27 Tahun 2022 Perlindungan Data Pribadi https://t.co/JqY8pdOGWk'",Achmad Misrin
2022-10-27 00:30:06+00:00,"b'Jokowi Teken Undang-undang Perlindungan Data Pribadi, Pakar: Jangan Sampai Jeruk Makan Jeruk\n\nhttps://t.co/qaH8nZLYE5'",Heru Sutadi
2022-10-26 23:59:36+00:00,"b'Topik ""Kebijakan Perlindungan Data Pribadi pada Layanan Keimigrasian"" pada Kanim Kupang dan Rudenim Kupang.\n\n~ Kemenkumham NTT\n~ Marciana Jone'",KumhamNTT
2022-10-26 19:10:05+00:00,b'PERLINDUNGAN HUKUM KONSUMEN TERHADAP DATA PRIBADI DALAM PERJANJIAN PINJAMAN ONLINE DOMPET KARTU (Analisis Putusan Nomor : 438/Pid.Sus/2020/PN.Jkt.Utr) https://t.co/SBc3YnoP2w',Pusat Perpustakaan UIN Jakarta
2022-10-26 15:32:21+00:00,"b'\xf0\x9f\x92\x9a Guys, mau tanya. Sebenarnya siapa ya yang bertanggung jawab atas perlindungan data pribadi? Ini untuk tugas. Thank you sebelumnya'",OPEN DM „Ö° Tanyarl üíö
2022-10-26 10:20:00+00:00,b'Jadi paham! KTP termasuk data pribadi penduduk yang wajib dilindungi oleh negara. Pada aturan mana yang menyatakan apakah KTP merupakan data pribadi yang dilindungi? Yuk pahami lebih lanjut perlindungan data pribadi dalam KTP di sini:\nhttps://t.co/W2ayV20BL4',Klinik Hukumonline
2022-10-26 10:03:13+00:00,b'Lembaga Perlindungan Data Pribadi Akan Sulit Menuntut Tanggung Jawab Pemerintah https://t.co/4tCPDwIVsS #perlindungandatapribadi via @jpnncom',TII
2022-10-26 09:17:03+00:00,b'Hemi Lavour Febrinandez menilai beberapa ketentuan dalam UU PDP berpotensi menimbulkan masalah ke depan seperti pembentukan Lembaga Perlindungan Data Pribadi. #perlindungandatapribadi https://t.co/VvzOelV28r',JPNN.com
2022-10-26 09:16:01+00:00,b'BSSN Andalkan Satgas Perlindungan Data Pribadi Teruskan Pencarian Bjorka\n\nhttps://t.co/qcwNPkEerr',GATRA.com
2022-10-26 02:22:16+00:00,"b'Webinar DPN PERADI dan PT PPHBI \xe2\x80\x9cKupas Tuntas Perlindungan Data Pribadi Ditinjau dari UU PDP Terbaru\xe2\x80\x9d\n\nMore info:\n(021) 3917446, 315 2090/91\n085773355787 (Whatsapp)\ninfo@pphbi.com\n\n#peradi #webinar #pphbi #traininghukum\n#pelatihanhukum #shortcourses https://t.co/yOsacnOSX9'",PPHBI Training Info
2022-10-25 17:14:06+00:00,"b'Semakin banyak pengguna internet di dunia, semakin banyak pula yang abai terhadap perlindungan data pribadi. Data pribadi yang diunggah di internet atau media sosial bisa menjadi pintu masuk kejahatan siber. Demi keamanan, dibutuhkan perlindungan kata\xe2\x80\xa6 https://t.co/Ilb0OwaaD0'",inilahcom
2022-10-25 14:13:45+00:00,b'@1e1embut Wah...UU perlindungan data pribadi baru disahkan loh...nitip ya @DivHumas_Polri',hs_thinker
2022-10-25 13:07:20+00:00,b'SAH : Indonesia Mempunyai Produk Hukum UU Perlindungan Data Pribadi https://t.co/epZDu2iiBk',Teknokrat IT
2022-10-25 12:36:48+00:00,b'DPR sudah mengesahkan UU Perlindungan Data Pribadi. Masih diragukan efektivitasnya. Keamanan data pribadi butuh SDM penjaga yang mumpuni.\n\n\xf0\x9f\x94\x97 https://t.co/egstTZfnrR https://t.co/u9qodHGU0T',Majalah GATRA
2022-10-25 08:06:35+00:00,"b'bukan apa-apasih, lebih ke gue heran banget tau dari mana, ternyata mereka tanya ke staff sana. haduh perlindungan data pribadi mana nih, melanggar banget ini'",markmaike
2022-10-25 07:39:33+00:00,b'Jenis-jenis data pribadi menurut UU Perlindungan Data Pribadi (PDP) yang diresmikan pada 20 September 2022. https://t.co/km2QN2Gy2P',Badan Pendapatan Daerah Kota Bekasi
2022-10-25 06:09:17+00:00,b'UU Nomor 7 Tahun 2022 tentang Perlindungan Data Pribadi https://t.co/JvLSnxvze0 https://t.co/HUjicfoBD5',DataIndonesia.ID
2022-10-25 02:22:37+00:00,"b'Webinar DPN PERADI dan PT PPHBI \xe2\x80\x9cKupas Tuntas Perlindungan Data Pribadi Ditinjau dari UU PDP Terbaru\xe2\x80\x9d\n\nMore info:\n(021) 3917446, 315 2090/91\n085773355787 (Whatsapp)\ninfo@pphbi.com\n\n#peradi #webinar #pphbi #traininghukum\n#pelatihanhukum #shortcourses https://t.co/Eefd65V8ub'",PPHBI Training Info
2022-10-25 02:20:34+00:00,"b'Hai Warginet, Wargiantihoaks!\n\nJangan terlalu gegabah dengan Data Pribadi ya Warginet,\nSetiap Pemrosesan Data Pribadi ada prinsip &amp; etikanya\n\nTetap slalu jaga diri, lindungi data pribadi!\n\nSumber: UU Perlindungan Data Pribadi https://t.co/5HSw3Jbj2o'",Jabar Saber Hoaks
2022-10-24 16:25:41+00:00,"b'@gadgething Takutnya disalahgunakan. Jadi perjelas aja maksudnya.\nJgn sampe di hp itu ada foto ktp kamu ya.\nHal terburuknya, data gambar+ktp itu bisa jd disalahgunakan buat pinjol. \nSelalu hati2 &amp; waspada. &amp; terus upgrade diri dlm hal teknologi. Utamanya dlm perlindungan data pribadi.'",Zulfahmi Hammam
2022-10-24 12:20:45+00:00,b'@Mutiara33816254 Tunjukan ijazah asli pada siapa ?\n\nAda UU perlindungan data pribadi yang melindungi.',Gadjah Mada
2022-10-24 10:40:08+00:00,b'@1e1embut Hati-2 ada UU Perlindungan data pribadi \xf0\x9f\x98\x82\xf0\x9f\xa4\xa3\xf0\x9f\xa4\xa3',Pegasus üáÆüá©
2022-10-24 07:12:14+00:00,b'[ ANCAMAN HUKUMAN BAGI PELAGGARAN TERHADAP DATA PRIBDAI ]\n\nUU Perlindungan Data Pribadi akhirnya disahkan! Ada banyak hal tentang penggunaan data pribadi yang diatur sehingga diharapkan tidak ada lagi penyalahgunaan data seseorang.\n\n#PPIDKotaBandung\n#BandungSemakinJuara https://t.co/rIVZzyG88U',Layanan Informasi dan Pengaduan Kota Bandung
2022-10-24 02:27:08+00:00,"b'Jakarta - Presiden Joko Widodo (Jokowi) resmi menandatangani UU Perlindungan Data Pribadi. UU itu diberi nomor 27 tahun 2022.\nUU PDP diteken Jokowi pada 17 Oktober 2022 sebagaimana dilihat detikcom dalam salinannya, Selasa (18/10/2022). UU itu terdiri dari 76 pasal. https://t.co/KZ4FQMl6mG'",Dukcapil Kota Mojokerto
2022-10-24 02:00:01+00:00,"b'Direktur Eksekutif Elsam, Wahyudi Djafar mengatakan, ada masalah dalam bentuk lembaga yang diatur dalam UU PDP. \n\nposisi lembaga yang berada di rumpun eksekutif akan menimbulkan keraguan publik saat negara melakukan pelanggaran pengelolaan data pribadi.\n\nhttps://t.co/qQDNkIxLhO'",tirtoid
2022-10-23 19:14:43+00:00,b'UU PDP (perlindungan data pribadi) disahkan tgl 20.09.2022 | ada yg lebih penting dr dapet duit yaitu manage duit dan mindset ofc! | Surely I Can',Tarishayn
2022-10-23 15:41:59+00:00,b'// aduan laporan bantuan data pribadi kekerasan gender berbasis online revenge porn serangan digital hack Whatsapp ancaman gangguan akses internet bantuan hukum layanan hukum perlindungan',andrea ataraxia.
2022-10-23 11:00:01+00:00,b'Jokowi resmi meneken UU Perlindungan Data Pribadi (PDP) @kontanNews https://t.co/3d684aRyA7',Heru Sutadi
2022-10-23 04:04:27+00:00,"b'UU Perlindungan Data Pribadi Telah Disahkan, Begini Ancaman Pidana Bagi Penyebar Identitas Seseorang https://t.co/olkn4mvdHo'",Radio PRFM
2022-10-22 23:06:03+00:00,b'Naskah UU 27/2022 Perlindungan Data Pribadi (PDP)\n\nhttps://t.co/3MPP9wVsEL',Onno W. Purbo
2022-10-22 06:58:00+00:00,"b'Menteri Kominfo menyebutkan, lembaga perlindungan data pribadi akan ditetapkan oleh Presiden @jokowi . #PembangunanLebihMerata #EkonomiPulih\n@PlateJohnny https://t.co/HeMyEeIt3A'",konten politik
2022-10-22 04:43:23+00:00,b'@detikcom UU Jurnalistik vs UU Perlindungan Data Pribadi.. hayo menang mana ya...hahaha',Cito
2022-10-22 03:13:30+00:00,b'Menkominfo sebut\nLembaga perlindungan data pribadi akan ditetapkan President\n\n\xf0\x9f\x94\x85\xf0\x9f\x94\x86\xe2\x98\x80\xf0\x9f\x94\x86\xf0\x9f\x94\x85\xf0\x9f\x94\x86\xe2\x98\x80\xf0\x9f\x94\x86\xf0\x9f\x94\x85\xf0\x9f\x94\x86\xe2\x98\x80\xf0\x9f\x94\x86\xf0\x9f\x94\x85\xe2\x98\x80 \n#NKRILebihBangkitKuat\n#NKRILebihBangkitKuat https://t.co/9bAlR9qm4Q',Egypt_moses
2022-10-22 03:13:21+00:00,b'Menkominfo sebut\nLembaga perlindungan data pribadi akan ditetapkan President\n\n\xf0\x9f\x94\x85\xf0\x9f\x94\x86\xe2\x98\x80\xf0\x9f\x94\x86\xf0\x9f\x94\x85\xf0\x9f\x94\x86\xe2\x98\x80\xf0\x9f\x94\x86\xf0\x9f\x94\x85\xf0\x9f\x94\x86\xe2\x98\x80\xf0\x9f\x94\x86\xf0\x9f\x94\x85\xe2\x98\x80 \n#NKRILebihBangkitKuat\n#NKRILebihBangkitKuat https://t.co/Pd0cAgSNiQ',üßû‚Äç‚ôÇÔ∏ègenie037
2022-10-22 01:49:04+00:00,b'Menkominfo sebut lembaga perlindungan data pribadi aman di tetapkan Presiden\n#NKRILebihBangkitKuat https://t.co/qLbe3b5d5m',semburat kuning
2022-10-22 01:44:57+00:00,b'Menkominfo sebut lembaga perlindungan data pribadi aman di tetapkan Presiden\n#NKRILebihBangkitKuat https://t.co/gGU9TtZlHq',semburat kuning
2022-10-22 01:42:07+00:00,b'Menkominfo sebut lembaga perlindungan data pribadi aman di tetapkan Presiden\n.....\n#NKRILebihBangkitKuat https://t.co/CTPrL0wVn4',Amerika kost
2022-10-22 01:16:22+00:00,"b'Lembaga perlindungan data pribadi \nakan ditetapkan,\nPresiden Jokowi..\n#NKRILebihBangkitKuat https://t.co/g75dwXkhZm'",Lina Sianturi
2022-10-22 00:31:00+00:00,b'Lembanga perlindungan data pribadi akan ditetapkan Presiden\n\n#NKRILebihBangkitKuat https://t.co/7qm4boY8Ki',Indonesia maju
2022-10-22 00:27:47+00:00,b'Lembaga perlindungan data pribadi akan ditetapkan \nPresiden Jokowi..\n#NKRILebihBangkitKuat https://t.co/B374s6Hl9M',ilyas
2022-10-22 00:04:24+00:00,"b""'Menkominfo Sebut Lembaga Perlindungan Data Pribadi Akan Ditetapkan Presiden'\n#NKRILebihBangkitKuat https://t.co/1IV4qtp53Y""",Amelia
2022-10-22 00:03:07+00:00,"b'""Menkominfo Sebut Lembaga Perlindungan Data Pribadi Akan Ditetapkan Presiden""\n#NKRILebihBangkitKuat https://t.co/p98xveUQ9e'",arisputra
2022-10-21 23:54:18+00:00,b'Lembaga perlindungan data pribadi akan ditetapkan presiden\n\n#NKRILebihBangkitKuat https://t.co/1MaTVTYfBB',ùïµùñéùñìùñåùñåùñÜ
2022-10-21 23:47:28+00:00,b'Lembaga perlindungan data pribadi akan di tetapkan presiden\n\n#NKRILebihBangkitKuat https://t.co/T98ZKzrYfF',SÃºÃºÕ™ÕñÃ∫ÕñÃ¢rÃ£Ã£ÃçÕåÕ©Ã¨Ã´ÕüiÃªÃªÕëÕ™ÃæÃßÕâÃúÕükÃºÃºÃîÃûÃ¶ÃûÃºaÕîÕîÕ©ÃÖÃéÃúÃóÃ¶nÃ´Ã´ÃòÃóÕï
2022-10-21 23:41:34+00:00,b'Menkominfo sebut lembaga perlindungan data pribadi akan ditetapkan presiden\n\n#NKRILebihBangkitKuat https://t.co/AKFBYU1Jmb',Blackat
2022-10-21 23:37:38+00:00,b'Lembaga perlindungan data pribadi akan ditetapkan Presiden\n #NKRILebihBangkitKuat #UbahKUHPJadul https://t.co/koGWTfM9bE',Kelinci cantik
2022-10-21 23:30:00+00:00,b'Lembaga perlindungan data pribadi akan di tetapkan oleh presiden\n\n#NKRILebihBangkitKuat https://t.co/dFk35NAOku',zelion
2022-10-21 23:29:37+00:00,b'Menkominfo menyebutkan lembaga perlindungan data pribadi akan ditetapkan presiden #NKRILebihBangkitKuat #RKUHPUntukSemua https://t.co/Xiz2NKyM27',ziva
2022-10-21 23:13:24+00:00,b'Lembaga perlindungan data pribadi akan di tetapkan oleh presiden\n.\n.\n#NKRILebihBangkitKuat https://t.co/RlK2wJbytL',Mimakhayla
2022-10-21 23:11:28+00:00,b'Lembaga perlindungan data pribadi akan ditetapkan presiden #NKRILebihBangkitKuat #UbahKUHPJadul https://t.co/EyIAMlBofS',Wendi
2022-10-21 23:11:03+00:00,b'Lembaga perlindungan data pribadi akan ditetapkan presiden #NKRILebihBangkitKuat #UbahKUHPJadul https://t.co/LjF3dEPT5b',Uzumaki
2022-10-21 23:07:21+00:00,"b'Menkominfo sebut, lembaga perlindungan data pribadi akan ditetapkan Presiden.\n#NKRILebihBangkitKuat \n. https://t.co/ahYcLoIj2X'",Novi Roose
2022-10-21 23:07:07+00:00,"b'Menkominfo sebut, lembaga perlindungan data pribadi akan ditetapkan Presiden.\n#NKRILebihBangkitKuat https://t.co/YyMsRALZKL'",Nvroost
2022-10-21 23:03:58+00:00,b'Lembaga Perlindungan data pribadi akan ditetapkan presiden #NKRILebihBangkitKuat #RKUHPUntukSemua https://t.co/r4URdohQn7',cewekcantiq
2022-10-21 23:03:28+00:00,b'Menkominfo sebut bahwa Lembaga Perlindungan Data Pribadi akak ditetapkan oleh Presiden #NKRILebihBangkitKuat . https://t.co/n6d3AAqK9s',wiwid
2022-10-21 23:03:05+00:00,b'Menkominfo Sebut Lembaga Perlindungan Data Pribadi Akan Ditetapkan Presiden.!!\n\n#NKRILebihBangkitKuat https://t.co/jovakuKVmm',Eyang_Sepuh88
2022-10-21 23:02:54+00:00,b'Menkominfo sebut lembaga perlindungan data pribadi akan ditetapkan presiden. Semoga dg ini data pribadi semuanya bisa aman dan terlindungi. #NKRILebihBangkitKuat #RKUHPUntukSemua https://t.co/YbAvTSjKrA',Yania Lan
2022-10-21 23:02:38+00:00,b'Lembaga perlindungan data pribadi akan ditetapkan oleh presiden menurut kominfo\n #NKRILebihBangkitKuat #IKNNusantara https://t.co/TVLNYfq9IX',Psj
2022-10-21 23:02:14+00:00,b'Menkominfo sebut lembaga perlindungan data pribadi akan ditetapkan presiden. Semoga dg ini data pribadi semuanya bisa aman dan terlindungi. #NKRILebihBangkitKuat #RKUHPUntukSemua https://t.co/Ma6nx6Uhrl',MaharaniTavisha
2022-10-21 23:01:34+00:00,b'Mengkominfo menyebutkan bahwa lembaga perlindungan data pribadi akan ditetapkan oleh presiden #NKRILebihBangkitKuat #IKNNusantara https://t.co/p7UxMrWxwa',sibebe
2022-10-21 23:01:19+00:00,b'Lembaga perlindungan data pribadi akan ditetapkan presiden\n#NKRILebihBangkitKuat #RKUHPUntukSemua https://t.co/f5EpibTKTB',jiso.lisa
2022-10-21 23:01:13+00:00,b'Menkominfo menyebut lembaga perlindungan data pribadi ditetapkan presiden.#NKRILebihBangkitKuat https://t.co/jHRykyYbFq',tauya
2022-10-21 23:01:09+00:00,b'Lembaga perlindungan data pribadi akan ditetapkan presiden \n#NKRILebihBangkitKuat #IKNNusantara https://t.co/MHvw9aRjyc',Gerda
2022-10-21 23:01:06+00:00,b'Lembaga perlindungan data pribadi akan ditetapkan presiden #NKRILebihBangkitKuat #RKUHPUntukSemua https://t.co/4R5KyqsrTB',Risyanarisa
2022-10-21 23:01:00+00:00,b'Menkominfo menyebutkan bahwa lembaga perlindungan data pribadi akan ditetapkan oleh presiden Jokowi.\n#NKRILebihBangkitKuat https://t.co/XJDtxhQlXc',Erwan14
2022-10-21 23:00:55+00:00,b'menkominfo menyebutkan bahwa lembaga perlindungan data pribadi akan di tetapkan presiden #NKRILebihBangkitKuat #UbahKUHPJadul https://t.co/DCuNlJ82Lk',sansan
2022-10-21 23:00:55+00:00,b'Lembaga perlindungan data pribadi di tetapkan oleh presiden #NKRILebihBangkitKuat #IKNNusantara https://t.co/WwSyyWV01F',y || üê±üçä
2022-10-21 23:00:49+00:00,b'Jokowi mngatakan kalo lembaga perlindungan Data Pribadi akan di tetapkan oleh Presiden\n #NKRILebihBangkitKuat #RKUHPUntukSemua https://t.co/Pqypmcbri5',AnisaR
2022-10-21 23:00:48+00:00,b'Sebentar lagi pemerintah akan menetapkan lembaga perlindungan data pribadi #NKRILebihBangkitKuat https://t.co/qWFmeeW0xa',MahesaMurgen
2022-10-21 23:00:42+00:00,b'Menko minfo mengatakan bahwa lembaga perlindungan data pribadi akan ditetapkan presiden\n#NKRILebihBangkitKuat #IKNNusantara https://t.co/EcqudsnFHo',Alifia_sholeha
2022-10-21 23:00:41+00:00,b'lembaga perlindungan data pribadi akan ditetapkan presiden\n#NKRILebihBangkitKuat https://t.co/3AobG7nY7M',orang sukses
2022-10-21 23:00:35+00:00,b'Menkominfo menyatakan bahwa Lembaga Perlindungan Data Pribadi akan di tetapkan Oleh Presiden Jokowi.\n#NKRILebihBangkitKuat https://t.co/GODKrc9KTl',Soyaaji
2022-10-21 23:00:31+00:00,b'Lembaga perlindungan data pribadi akan segera ditetapkan oleh presiden #NKRILebihBangkitKuat #RKUHPUntukSemua https://t.co/f3Y3rLa5Xq',najiminie
2022-10-21 23:00:27+00:00,b'lembanga perlindungan data pribadi akan di tetapkan presiden  #NKRILebihBangkitKuat https://t.co/TtsKbHcZDG',jejenajasih
2022-10-21 23:00:24+00:00,b'Menkominfo sebut lembaga perlindungan data pribadi akan ditetapkan presiden #NKRILebihBangkitKuat https://t.co/JUrRfQIERI',elvi
2022-10-21 23:00:20+00:00,b'Menkominfo sebut lembaga perlindungan data pribadi akan ditetapkan oleh presiden #NKRILebihBangkitKuat #RKUHPUntukSemua https://t.co/xZBbtaemJO',Rohma12
2022-10-21 23:00:17+00:00,b'Menkominfo menyebutkan bahwa lembaga perlindungan data pribadi akan diterapkan oleh presiden\n#NKRILebihBangkitKuat #RKUHPUntukSemua https://t.co/ybldspIMtS',Akun Yeolmae
2022-10-21 23:00:08+00:00,b'Kominfo menyebutkan bahwa lembaga perlindungan data pribadi akan ditetapkan presiden  #NKRILebihBangkitKuat #RKUHPUntukSemua https://t.co/7BoN8PKgrQ',Novita Sari
2022-10-21 23:00:07+00:00,"b'Lembaga perlindungan Data pribadi Akan segera di tetapkan oleh presiden, sehingga data pribadi setiap warga negara Indonesia dijamin keamanannya.\n#NKRILebihBangkitKuat #UbahKUHPJadul https://t.co/tDiRbr1thC'",Dimas hadii
2022-10-21 23:00:06+00:00,b'Menkominfo sebut lembaga perlindungan data pribadi akan ditetapkan Presiden. \n #NKRILebihBangkitKuat #IKNNusantara https://t.co/GtiO0lyyzn',Nuna Qia
2022-10-21 23:00:06+00:00,"b'Melihat bahwa data-data sangat penting, Lembaga Perlindungan Data Pribadi akan ditetapkan oleh Presiden\n#NKRILebihBangkitKuat https://t.co/lHJVFckX7n'",ü¶ã
2022-10-21 23:00:02+00:00,b'perlindungan data pribadi akan ditetapkan Presiden. #NKRILebihBangkitKuat #RKUHPUntukSemua https://t.co/TjXw4M8zrp',shisui
2022-10-21 23:00:02+00:00,b'Menkominfo sebut lembaga perlindungan data pribadi akan ditetapkan presiden\n#NKRILebihBangkitKuat #UbahKUHPJadul https://t.co/f5rzbOYD4H',HurrrayB1gW1N
2022-10-21 23:00:02+00:00,b'Lembaga perlindungan data pribadi akan ditetapkan presiden\n#NKRILebihBangkitKuat #RKUHPUntukSemua https://t.co/tdis2zQLmh',Kotakarang
2022-10-21 23:00:02+00:00,b'Menkominfo sebut lembaga perlindungan data pribadi akan ditetapkan Presiden \n#NKRILebihBangkitKuat #IKNNusantara https://t.co/CuvH59hKeo',Frengklyeah
2022-10-21 23:00:02+00:00,b'Menkominfo sebut lembaga perlindungan data pribadi akan ditetapkan presiden #NKRILebihBangkitKuat #IKNNusantara https://t.co/RWUgnbV4lK',D
2022-10-21 23:00:02+00:00,b'MENKOMINFO S E B U T LEMBAGA PERLINDUNGAN DATA PRIBADI AKAN DITETAPKAN PRESIDEN \n#NKRILebihBangkitKuat #UbahKUHPJadul https://t.co/GIUWj804BW',ovelüê•
2022-10-21 23:00:02+00:00,b'Tetap optimis untuk #NKRILebihBangkitKuat dengan perlindungan data pribadi akan ditetapkan oleh pemerintah nih. https://t.co/vVG87EOhcg',Zain Fadisa
2022-10-21 23:00:02+00:00,b'Menkominfo menyebur lembaga perlindungan data pribadi akan ditetapkan oleh Presiden.\n#NKRILebihBangkitKuat #IKNNusantara https://t.co/La1EygHomm',Satuset
2022-10-21 23:00:02+00:00,b'Menkominfo sebut lembaga perlindungan data pribadi akan ditetapkan oleh bapak Presiden Jokowi \n#NKRILebihBangkitKuat #IKNNusantara https://t.co/SPzMxjptY6',Damirani
2022-10-21 23:00:02+00:00,b'Lembaga perlindungan data pribadi akan ditetapkan presiden.\n#NKRILebihBangkitKuat #IKNNusantara https://t.co/dfWfkR1266',üíòdiliatinaja
2022-10-21 23:00:02+00:00,b'Menkominfo menyebutkan bahwa lembaga perlindungan data pribadi akan di tetap kan oleh bapak presiden Jokowi.\n#NKRILebihBangkitKuat https://t.co/8tquTq8Tk0',Sabila56
2022-10-21 23:00:02+00:00,b'Menkominfo menyebutkan jika lembaga perlindungan data pribadi akan ditetapkan presiden  #NKRILebihBangkitKuat #RKUHPUntukSemua https://t.co/IRUYs6X0RN',topi2xx
2022-10-21 23:00:01+00:00,b'Perlindungan data pribadi akan menjadi prioritas pemerintah. \n#NKRILebihBangkitKuat https://t.co/G0wUDgDx4i',„ÅÇ„Åò
2022-10-21 23:00:01+00:00,b'Presiden akan menetapkan lembaga perlindungan data pribadi\n\n#NKRILebihBangkitKuat https://t.co/uagFbAEddj',nuez
2022-10-21 23:00:01+00:00,b'Lembaga perlindungan data pribadi di tetapkan oleh presiden sendiri.\n#NKRILebihBangkitKuat https://t.co/jcZ5uMpwlJ',hyoioo
2022-10-21 23:00:01+00:00,b'Lembaga perlindungan data pribadi akan ditetapkan presiden \n#NKRILebihBangkitKuat #RKUHPUntukSemua https://t.co/HXHueioo45',Cio.kim
2022-10-21 23:00:01+00:00,b'Menkominfo mengatakan bahwa lembaga perlindungan data pribadi ditetapkan oleh Presiden Jokowi\n#NKRILebihBangkitKuat #RKUHPUntukSemua. https://t.co/3trsVTEfDd',yosh
2022-10-21 23:00:01+00:00,b'Menkominfo menyebutkan lembaga perlindungan data pribadi akan di tetapkan presiden #NKRILebihBangkitKuat #IKNNusantara https://t.co/g2dsUAtlkZ',asSha
2022-10-21 23:00:01+00:00,b'Lembaga perlindungan data pribadi akan menetapkan presiden\n #NKRILebihBangkitKuat #UbahKUHPJadul https://t.co/02IpD9girD',Amelia Redella
2022-10-21 23:00:01+00:00,b'Menkominfo sebut lembaga perlindungan data pribadi akan ditetapkan presiden #NKRILebihBangkitKuat #RKUHPUntukSemua https://t.co/Ma2ty3XboF',maudy
2022-10-21 23:00:01+00:00,b'Menkominfo sebut lembaga perlindungan data pribadi akan ditetapkan presiden\n#NKRILebihBangkitKuat #RKUHPUntukSemua https://t.co/QUprr8Mts0',viiii
2022-10-21 23:00:01+00:00,b'Menkominfo sebut lembaga perlindungan data pribadi akan ditetapkan oleh presiden #NKRILebihBangkitKuat #UbahKUHPJadul https://t.co/Xc6BwmQk0I',Uyanalo
2022-10-21 23:00:01+00:00,b'Menkominfo sebut lembaga perlindungan data pribadi akan ditetapkan presiden #NKRILebihBangkitKuat #IKNNusantara https://t.co/4BvO21sGX2',B
2022-10-21 23:00:01+00:00,"b'Penetapan Lembaga Perlindungan Data Pribadi oleh Presiden telah dilakukan, semoga amanah #NKRILebihBangkitKuat #RKUHPUntukSemua https://t.co/jtNu206Rk7'",Riza Kurniawan
2022-10-21 23:00:01+00:00,b'Presiden Jokowi akan menetapkan lembaga perlindungan data pribadi\n\n#NKRILebihBangkitKuat #RKUHPUntukSemua https://t.co/ePF8uG32u1',Kareen Melanie
2022-10-21 23:00:01+00:00,b'Nah guys menkominfo sebut lembaga perlindungan data pribadi akan ditetapkan presiden\n#NKRILebihBangkitKuat #RKUHPUntukSemua https://t.co/tiSLm1tWui',Andana 11
2022-10-21 23:00:01+00:00,b'Lembaga perlindungan data pribadi akan Ditetapkan presiden #NKRILebihBangkitKuat #RKUHPUntukSemua https://t.co/QmP9uyJGrX',febliza
2022-10-21 23:00:01+00:00,b'Menkominfo sebut lembaga perlindungan data pribadi akan ditetapkan oleh Presiden\n#NKRILebihBangkitKuat https://t.co/Z6gsGg9HSf',yamalik
2022-10-21 23:00:01+00:00,b'akan ditetapkan presiden lembaga perlindungan data pribadi #NKRILebihBangkitKuat #gjyft https://t.co/a6SjJjMGj2',.
2022-10-21 23:00:00+00:00,b'Menkominfo menyebutkan bahwa Lembaga Perlindungan data pribadi akan ditetapkan oleh Presiden #NKRILebihBangkitKuat #IKNNusantara https://t.co/fJuDN3F4pi',indra
2022-10-21 23:00:00+00:00,"b'Lembaga perlindungan data pribadi masyarakat Indonesia akan di tetapkan oleh presiden, kata menkominfo. \n\n#NKRILebihBangkitKuat #IKNNusantara https://t.co/Sd3H4r5q5P'",afri üïä
2022-10-21 23:00:00+00:00,"b'Jadi nih ya, Menkominfo sebut lembaga perlindungan data pribadi akan ditetapkan presiden\n#NKRILebihBangkitKuat #UbahKUHPJadul https://t.co/ERqHifQkEL'",Tara_devina
2022-10-21 23:00:00+00:00,b'Lembaga perlindungan data pribadi akan ditetapkan presiden. \n#NKRILebihBangkitKuat #RKUHPUntukSemua https://t.co/CRPtaoBuCG',ryanotizh
2022-10-21 23:00:00+00:00,b'Lembaga perlindungan data pribadi nantinya akn di tetapkan oleh Presiden.\n#NKRILebihBangkitKuat https://t.co/WWOVFh32Yq',Oswald
2022-10-21 23:00:00+00:00,b'Menkominfo menyebutkan bahwa lembaga perlindungan data pribadi akan di tetapkan oleh Presiden #NKRILebihBangkitKuat #UbahKUHPJadul https://t.co/Ke9L55BYgK',Alibaba
2022-10-21 23:00:00+00:00,b'Menkominfo sebut presiden yang akan tetapkan lembaga perlindungan data pribadi\n\n#NKRILebihBangkitKuat #UbahKUHPJadul https://t.co/GENXWRnc34',taeby/ Yang nggak follback sd besok auto unfoll ya
2022-10-21 23:00:00+00:00,b'akan ditetapkan lembaga perlindungan data pribadi #NKRILebihBangkitKuat #RKUHPUntukSemua https://t.co/NlcB10q8Dr',dui
2022-10-21 12:30:01+00:00,"b'Jadi paham! Ternyata, menurut UU Adminduk KTP merupakan data pribadi seorang penduduk yang wajib disimpan dan dilindungi negara. Yuk simak artikel berikut untuk memahami lebih lanjut mengenai perlindungan hukum terhadap data pribadi di dalam KTP.\nhttps://t.co/W2ayV1J0mu'",Klinik Hukumonline
2022-10-21 10:16:21+00:00,"b'Sebelumnya, Presiden Joko Widodo telah UU PDP pada 17 Oktober 2022. UU PDP ini diterbitkan untuk menjamin hak warga negara atas pelindungan diri dan kesadaran masyarakat serta menjamin pengakuan dan atas pentingnya perlindungan data pribadi.\n@PlateJohnny @kemkominfo https://t.co/94iVmh1sqP'",Udien Marbot Official
2022-10-21 09:29:16+00:00,"b'Pada tanggal 20 September lalu, Dewan Perwakilan Rakyat (DPR) Republik Indonesia sudah meresmikan Undang-Undang Perlindungan Data Pribadi (UU PDP). https://t.co/oZrgrNh3ft'",Jabar Future Leaders
2022-10-21 07:49:34+00:00,"b""Kala UU Perlindungan Data Pribadi Bisa 'Mejeng' di Presidensi G20 https://t.co/Dm03I22Pka""",Bisnis.com
2022-10-21 05:27:54+00:00,b'Larangan dan Sanksi dalam Undang-Undang Perlindungan Data Pribadi.\n\n#privacy #personadataprotection https://t.co/U2egR1IPnU',Arie M Haikal
2022-10-21 05:18:02+00:00,b'Perlindungan Data Pribadi (PDP)\nBaca PDP nya lumayan banyak tp bagian ini sgt penting untuk diketahui bersama\n@kroepoekrambak @RumonoElang @ini4kunku @TaliUdeng https://t.co/KZpU8QRYaK',#SalutemInChristo #DeMoCL #NalarGarisLurus #MiFan
2022-10-21 00:47:31+00:00,b'Jokowi tidak harus publikasi ijazah aslinya kepada sembarang orang apalagi dengan alasan tidak jelas.\n\nIngat sudah ada UU perlindungan data pribadi.\n\nMaaf ya twit ini tidak bermaksud membuat kadrun emosi',Gadjah Mada
2022-10-21 00:46:12+00:00,"b'@firzahusainInc Abaikan saja mereka, tidak harus dituruti  ingat sudah ada UU perlindungan data pribadi'",Gadjah Mada
2022-10-21 00:39:26+00:00,"b'PERKETAT KEAMANAN MASYARAKAT DAN NEGARA, JOKOWI TETAPKAN LEMBAGA PERLINDUNGAN DATA PRIBADI\n\n#KemenanganBersama2024\n\nnatasha wilona iklan rasa film Ronaldo Wirda Minions Bang Do Boris Lampard iko uwais Pagiii 1,4 M https://t.co/ENu59WvRXZ'",Lentera Merah Putih News
2022-10-21 00:16:03+00:00,b'Menkominfo Sebut Lembaga Perlindungan Data Pribadi Akan Ditetapkan Presiden https://t.co/WM8SjVSxYv',Berita Terkini
2022-10-20 23:58:04+00:00,b'Menkominfo Sebut Lembaga Perlindungan Data Pribadi Akan Ditetapkan Presiden https://t.co/NjdarAz60x #TempoNasional',tempo.co
2022-10-20 15:36:26+00:00,"b'UU PDP Diteken Jokowi, Pengamat Minta Lembaga Perlindungan Data Pribadi Dibentuk https://t.co/3d684aRyA7 @KontanNews'",Heru Sutadi
2022-10-20 13:57:37+00:00,"b'#sobatkominfo, Jangan sembarang posting data pribadi kalian, ya \xe2\x9c\x8b\n.\nYap! Karena DPR sudah meresmikan UU Perlindungan Data Pribadi pada 20 September 2022, lhoo \xf0\x9f\x98\x8a\n.\nJadi, yuk jaga data pribadi kita \xf0\x9f\xa4\x97\n.\nSumber @humasjabar \n. \n#MelekDigital #datapribadi #literasidigital https://t.co/FV8n5MpzDR'",Diskominfostandi Kota Bekasi
2022-10-20 13:49:35+00:00,"b'Johnny mengatakan melalui berbagai regulasi yang akan diterbitkan, pemerintah akan memperkuat perlindungan data pribadi  https://t.co/811OCURev8'",Media Indonesia
2022-10-20 12:53:32+00:00,b'Menkominfo Sebut Lembaga Perlindungan Data Pribadi Ditetapkan Presiden https://t.co/B0PcUlCDg9',Ivoox Indonesia
2022-10-20 11:27:36+00:00,b'Menkominfo: Lembaga perlindungan data pribadi ditetapkan Presiden https://t.co/F2J3YTlORP',Bocoran Togel
2022-10-20 11:24:37+00:00,b'Pemerintah Akan Bentuk Lembaga Perlindungan Data Pribadi https://t.co/hb9RxZ6WhX',BeritaSatu
2022-10-20 11:10:00+00:00,b'Data pribadi nasabah tiba-tiba diubah secara sepihak oleh pihak bank. Bolehkah bank melakukan perubahan data sepihak? Yuk simak perlindungan hukum data pribadi nasabah dan langkah hukum yang bisa ditempuh oleh nasabah:\nhttps://t.co/aImGxjrJJQ',Klinik Hukumonline
2022-10-20 10:56:46+00:00,b'Menkominfo: Lembaga perlindungan data pribadi ditetapkan Presiden https://t.co/3vwoVbSfat',PREDIKSI TOGEL WAP | DEWITOGEL
2022-10-20 09:49:03+00:00,b'Pastikan akan ada konsultasi publik https://t.co/8up4vuhGPr',ERA.id
2022-10-20 08:29:28+00:00,b'Presiden @jokowi  resmi menekan UU Perlindungan Data Pribadi. #InvestasiRITerusMembaik #MariBerinvestasidiIndonesia https://t.co/TNC8ycvBF6',konten politik
2022-10-20 07:58:08+00:00,"b'Melalui perpres dan aturan turunan UU Perlindungan Data Pribadi (PDP), pemerintah akan memperkuat perlindungan data pribadi. \n\nhttps://t.co/l6YnNTVAtG'",antaranews.com
2022-10-20 07:22:04+00:00,b'UU perlindungan data pribadi di teken Bapak Jokowi\nVoldemort Batik Air Cringe Risol Hermione Cristiano Ronaldo JAKI yugyeom #BlackAdamMovie #TWICE_7TH_ANNIVERSARY https://t.co/LgvpvwCBDw',Assalia Gracia Cahyadi
2022-10-20 07:02:27+00:00,b'Presiden Jokowi resmi menandatangani Undang-Undang perlindungan data pribadi. https://t.co/dOauhJPFQ9',IntanAyuArimbi
2022-10-20 04:49:11+00:00,"b'Hai Warginet, Wargiantihoaks!\n\nDalam Pemrosesan Data Pribadi harus memperhatikan prinsip dan etika yang sudah diatur dalam UU Perlindungan Data Pribadi. \n\nTetap slalu jaga diri, lindungi data pribadi! \n\nSumber: UU Perlindungan Data Pribadi\n\n#uupdp #pdp #perlindungandatapribadi https://t.co/Fbnv2M73BA'",Jabar Saber Hoaks
2022-10-20 03:35:46+00:00,b'UU Perlindungan Data Pribadi Sudah Diresmikan Jokowi. Golden Ticket Ari Lasso Hamil Risol GET WELL SOON TEN AND WINWIN Iko Uwais jaemin Pagii Narnia Ronaldo JAKI ningning Batik Air Iklan Rasa Film Demag SoKlin Antisep FIFA Kamis Lloris Syaifullah Heru Silent Hill #KonyolRupiahTKO https://t.co/H366exQg9z',Aelda Prihatiwi
2022-10-20 03:30:44+00:00,"b'Sah ! Jokowi teken UU Perlindungan Data Pribadi, pelanggar bisa didenda dan dipidana !\n\nHamil | #PrayForBali | Ari Lasso https://t.co/GZq9NUjEBe'",Miftachul Atiyasari JATENG üáÆüá©
2022-10-20 03:30:04+00:00,"b'Jokowi Teken UU Perlindungan Data Pribadi, Ada Denda Sampai Rp 6 Miliar https://t.co/50Sa9JeGqd #DataPribadi'",KONTAN NEWS
2022-10-20 03:22:00+00:00,b'Presiden Jokowi resmi teken UU Perlindungan Data Pribadi. UU itu diberi nomor 27 tahun 2022. Yang diteken Presiden Jokowi pada 17 Oktober 2022.\n\nAmanda Zahra OPEN PO\nBintang Emon Kanjuruhan\nHamil\n#PrayForBali\n#\xec\x97\x91\xec\x86\x8c\xeb\x94\x94\xec\x98\xa4\n#MUNTOT \n#JokowiPresidenku\n#JokowiHebat https://t.co/kjHLQojmOP',Kita Indonesia
2022-10-20 03:21:00+00:00,b'Presiden Jokowi resmi teken UU Perlindungan Data Pribadi. UU itu diberi nomor 27 tahun 2022. Yang diteken Presiden Jokowi pada 17 Oktober 2022.\n\nAmanda Zahra OPEN PO\nBintang Emon Kanjuruhan\nHamil\n#PrayForBali\n#\xec\x97\x91\xec\x86\x8c\xeb\x94\x94\xec\x98\xa4\n#MUNTOT \n#JokowiPresidenku\n#JokowiHebat https://t.co/PeUBxWDIZT',Indonesia Kuat
2022-10-20 03:20:00+00:00,b'Presiden Jokowi resmi teken UU Perlindungan Data Pribadi. UU itu diberi nomor 27 tahun 2022. Yang diteken Presiden Jokowi pada 17 Oktober 2022.\n\nAmanda Zahra OPEN PO\nBintang Emon Kanjuruhan\nHamil\n#PrayForBali\n#\xec\x97\x91\xec\x86\x8c\xeb\x94\x94\xec\x98\xa4\n#MUNTOT \n#JokowiPresidenku\n#JokowiHebat https://t.co/iFrI7XNd5P',Berita Indonesia
2022-10-20 00:00:25+00:00,b'Jokowi telah resmi menandatangani UU tentang Perlindungan Data Pribadi. UU tersebut mendapatkan nomor 27 tahun 2022. Terdapat 76 pasal dalam UU baru tersebut.\n\n#MUNTOT | Iklan Rasa Film | Ronaldo | Rashford | Silent Hill https://t.co/HD7nNdwn3w',Julia Riyanti Wibowo
2022-10-19 23:10:33+00:00,"b'Sah ! Jokowi teken UU Perlindungan Data Pribadi, pelanggar bisa didenda dan dipidana !\n\nIko Uwais | JAKI | #PrayForBali https://t.co/fLJ6gZx4iB'",Rifqi Hidayatul JATENG üáÆüá©
2022-10-19 18:45:39+00:00,"b'@AnggaPutraF Keduanya korban doxing, btw. So, problemnya memang perlindungan data kita yang masih kacrut \n\nhttps://t.co/QgpM0NzBlf \n\nhttps://t.co/icERrXF3li'",Pradhana Adimukti
2022-10-19 18:07:46+00:00,"b'Lebih baik mencegah daripada mengobati, pepatah yang berlaku juga untuk keamanan siber.\n\nPresiden Jokowi mengesahkan UU Perlindungan Data Pribadi yang dimuat di UU NO 27 TAHUN 2022.\n\nSudah saatnya organisasi yang masih menyepelekan masalah segera berbenah kedepanya ... https://t.co/V26n9syULH'",Wallblock Technology
2022-10-19 17:52:30+00:00,b'Jokowi telah resmi menandatangani UU tentang Perlindungan Data Pribadi. UU tersebut mendapatkan nomor 27 tahun 2022. Terdapat 76 pasal dalam UU baru tersebut. #PrayForBali #kemenkes https://t.co/KL5TRhFZwA',Abdi Mulia Lubis
2022-10-19 16:18:01+00:00,"b'@fithnazzahh @justinvigroz @ndagels gpp bang dia mau ngetes UU Perlindungan data pribadi yg baru rilis, ya mudah2an aja masuk jeruji'",pantau
2022-10-19 16:12:57+00:00,b'UU Perlindungan Data Pribadi disahkan. Bintang Emon  Amanda Zahra Iklan Rasa Film Minions Mahal FIFA Heru Kaki #weareoneEXO #Aptos https://t.co/0lFrwEwsGI',Selvy Susanto
2022-10-19 15:35:16+00:00,b'Perlunya Perlindungan Data Pribadi Pada Transaksi Online https://t.co/tyusiFRRyA',DOSIS 4
2022-10-19 15:11:27+00:00,b'Perlunya Perlindungan Data Pribadi Pada Transaksi Online https://t.co/TNG0qp590o',Tiada Hari Tanpa Berita
2022-10-19 15:10:37+00:00,b'UU Nomor 27 Tahun 2022 Tentang Perlindungan Data\xc2\xa0Pribadi https://t.co/6IvU8dcyz0',Cekhukum.com
2022-10-19 14:10:29+00:00,b'Perlunya Perlindungan Data Pribadi Pada Transaksi Online https://t.co/jzhKuZCqtd',Tiada Hari Tanpa Berita
2022-10-19 13:02:10+00:00,b'Sudah resmi dan dapat nomor..\n\nUndang Undang Nomor 27 Tahun 2022 ttg Perlindungan Data Pribadi. \n\nBisa dilihat Ketentuan Pidana nya. Tetap harus mempelajari ketentuan administrasi yg mempengaruhi..\n\nMudah2an ga jadi salah penerapan seperti UU ITE.. https://t.co/7bzKK4z9bs',M. Fatahillah Akbar
2022-10-19 11:15:41+00:00,b'Presiden Joko Widodo resmi menandatangani Undang-Undang Pelindungan Data Pribadi (UU PDP). Informasi lengkap mengenai UU tersebut dapat kalian akses pada situs berikut.\n\n#TTGNusantara #TheAstronaut #CASE143_4thWin #IndonesiaSehatBerseri Bintang Emon https://t.co/9RVxSl7nBl',Teknologi
